id,first_name,last_name,email,gender,ip_address
1,Kathryn,Armstrong,karmstrong0@list-manage.com,Female,141.193.40.18
2,Michael,Campbell,mcampbell1@loc.gov,Male,227.126.54.158
3,Frances,Moore,fmoore2@dagondesign.com,Female,3.164.153.247
4,Kathryn,Price,kprice3@fema.gov,Female,199.98.0.198
5,Rebecca,Bailey,rbailey4@tuttocitta.it,Female,199.109.36.136
6,Johnny,Allen,jallen5@comsenz.com,Male,28.74.76.144
7,Benjamin,Hughes,bhughes6@sfgate.com,Male,144.165.223.26
8,Samuel,Foster,sfoster7@sogou.com,Male,144.179.39.91
9,Ryan,Wheeler,rwheeler8@imgur.com,Male,203.79.155.77
10,Jonathan,Hart,jhart9@mail.ru,Male,241.55.92.245
11,Dorothy,Gomez,dgomeza@senate.gov,Female,82.43.86.77
12,Margaret,Holmes,mholmesb@weather.com,Female,175.19.128.85
13,Lisa,Sanders,lsandersc@slate.com,Female,147.206.122.211
14,Jacqueline,Ford,jfordd@chron.com,Female,103.223.115.224
15,Jennifer,Williamson,jwilliamsone@amazonaws.com,Female,78.175.96.53
16,Antonio,Young,ayoungf@weibo.com,Male,115.77.127.155
17,Sarah,Hicks,shicksg@123-reg.co.uk,Female,21.30.20.110
18,Chris,Butler,cbutlerh@blogspot.com,Male,249.195.129.140
19,Jimmy,Spencer,jspenceri@amazon.com,Male,204.81.178.218
20,Phyllis,Wilson,pwilsonj@google.cn,Female,252.41.21.97
21,Albert,Ward,awardk@fema.gov,Male,221.198.47.96
22,Justin,Cunningham,jcunninghaml@goodreads.com,Male,198.124.188.195
23,Roy,White,rwhitem@liveinternet.ru,Male,209.65.241.9
24,Ruby,Hawkins,rhawkinsn@alibaba.com,Female,135.211.176.212
25,Ryan,Webb,rwebbo@furl.net,Male,44.80.35.222
26,Jeffrey,Hawkins,jhawkinsp@friendfeed.com,Male,121.84.255.182
27,Daniel,Robertson,drobertsonq@purevolume.com,Male,29.107.160.232
28,Kelly,Miller,kmillerr@economist.com,Female,235.231.198.16
29,Tammy,Ward,twards@google.de,Female,154.207.109.195
30,Albert,Gordon,agordont@gizmodo.com,Male,71.121.34.177
31,Roy,Miller,rmilleru@ucoz.ru,Male,217.150.45.34
32,Wayne,Gordon,wgordonv@state.tx.us,Male,178.103.87.174
33,Joseph,Bailey,jbaileyw@netscape.com,Male,102.241.132.6
34,Ashley,Walker,awalkerx@dot.gov,Female,160.246.191.23
35,Kathleen,Hudson,khudsony@photobucket.com,Female,59.121.186.160
36,Sarah,Clark,sclarkz@ow.ly,Female,245.91.63.55
37,Kimberly,Ferguson,kferguson10@trellian.com,Female,109.3.215.76
38,Christopher,Wheeler,cwheeler11@feedburner.com,Male,149.155.101.224
39,Susan,Hawkins,shawkins12@instagram.com,Female,128.254.6.154
40,Roy,Bell,rbell13@example.com,Male,101.239.236.159
41,Willie,Welch,wwelch14@japanpost.jp,Male,10.28.182.44
42,Louise,Simpson,lsimpson15@yolasite.com,Female,75.181.219.50
43,Lois,Rice,lrice16@fotki.com,Female,104.137.122.214
44,Denise,Weaver,dweaver17@adobe.com,Female,119.19.59.203
45,Gregory,Brooks,gbrooks18@icq.com,Male,94.35.29.200
46,David,Ramirez,dramirez19@nifty.com,Male,249.30.101.254
47,Sarah,Harper,sharper1a@unesco.org,Female,243.85.231.109
48,Martin,Myers,mmyers1b@behance.net,Male,211.106.246.138
49,Bobby,Frazier,bfrazier1c@va.gov,Male,50.84.42.213
50,Ruby,Edwards,redwards1d@ucla.edu,Female,161.103.34.21
51,Frances,Wright,fwright1e@imageshack.us,Female,187.73.233.169
52,Linda,Fuller,lfuller1f@bing.com,Female,187.189.228.131
53,Chris,Johnson,cjohnson1g@yellowbook.com,Male,34.248.197.101
54,Juan,Sullivan,jsullivan1h@discuz.net,Male,60.114.139.93
55,Evelyn,Murray,emurray1i@blogspot.com,Female,179.248.7.187
56,Fred,Medina,fmedina1j@ox.ac.uk,Male,138.110.218.182
57,Brandon,Duncan,bduncan1k@geocities.jp,Male,79.157.125.40
58,Jessica,Rice,jrice1l@yelp.com,Female,21.219.76.197
59,Jennifer,Green,jgreen1m@mozilla.com,Female,169.253.89.105
60,Rachel,Baker,rbaker1n@hao123.com,Female,206.100.109.235
61,Donald,Hughes,dhughes1o@amazon.de,Male,201.54.231.122
62,Frank,Hunter,fhunter1p@xing.com,Male,228.246.254.79
63,Tina,James,tjames1q@examiner.com,Female,100.235.246.113
64,Billy,Henderson,bhenderson1r@dmoz.org,Male,84.220.222.178
65,Tina,Fowler,tfowler1s@wordpress.org,Female,175.164.24.32
66,Marie,Williamson,mwilliamson1t@biglobe.ne.jp,Female,91.218.54.9
67,Maria,Gonzalez,mgonzalez1u@vistaprint.com,Female,58.31.118.153
68,Kathryn,Morrison,kmorrison1v@google.com.hk,Female,199.57.201.52
69,Jimmy,Woods,jwoods1w@amazon.co.uk,Male,28.84.91.88
70,Ronald,Wells,rwells1x@princeton.edu,Male,170.11.214.69
71,Jeffrey,Ford,jford1y@addthis.com,Male,187.208.233.110
72,Louise,Bowman,lbowman1z@arstechnica.com,Female,67.38.112.149
73,Mary,Ramos,mramos20@home.pl,Female,189.29.113.27
74,Justin,Butler,jbutler21@gnu.org,Male,241.195.102.81
75,Shawn,Bishop,sbishop22@squarespace.com,Male,82.120.89.119
76,Adam,Gibson,agibson23@redcross.org,Male,249.130.10.54
77,Billy,Garcia,bgarcia24@shop-pro.jp,Male,16.108.116.80
78,Judy,Phillips,jphillips25@github.com,Female,184.219.255.72
79,Paula,Riley,priley26@noaa.gov,Female,58.62.81.92
80,Terry,Ray,tray27@1688.com,Male,167.16.215.57
81,Jennifer,Collins,jcollins28@is.gd,Female,148.77.14.229
82,Tina,Garza,tgarza29@meetup.com,Female,83.96.105.33
83,Jimmy,Ramirez,jramirez2a@digg.com,Male,35.246.210.146
84,Emily,Shaw,eshaw2b@tamu.edu,Female,76.34.34.131
85,Heather,Peterson,hpeterson2c@sourceforge.net,Female,232.104.160.78
86,Michael,Moore,mmoore2d@fema.gov,Male,200.187.29.94
87,Melissa,Richardson,mrichardson2e@wsj.com,Female,247.169.4.125
88,Shawn,Kelley,skelley2f@elpais.com,Male,77.68.209.198
89,Brenda,Lopez,blopez2g@simplemachines.org,Female,161.68.24.174
90,Norma,Stephens,nstephens2h@mysql.com,Female,208.128.187.111
91,Paula,Mccoy,pmccoy2i@so-net.ne.jp,Female,68.40.100.7
92,Beverly,Hanson,bhanson2j@virginia.edu,Female,85.217.108.181
93,Timothy,Gardner,tgardner2k@boston.com,Male,162.118.213.125
94,Philip,Matthews,pmatthews2l@blinklist.com,Male,17.123.105.188
95,Heather,Elliott,helliott2m@multiply.com,Female,79.155.108.209
96,Steve,Bishop,sbishop2n@geocities.jp,Male,197.94.34.45
97,James,Garcia,jgarcia2o@ning.com,Male,209.238.10.48
98,Sara,Parker,sparker2p@wordpress.com,Female,198.179.75.29
99,Julia,Marshall,jmarshall2q@state.gov,Female,192.37.83.221
100,Benjamin,Ellis,bellis2r@columbia.edu,Male,170.110.125.85